{"x_lo": 0.5, "x_hi": 50.5, "y_lo": 0.011476420666382589, "y_hi": 0.16872117750246457}